ÀÏÀÚ,¼Û±Ý,,ÇöÂû,,T/C»ç½Ç¶§,¸Å¸Å±âÁØÀ²,ÇÑ±¹ÀºÇà±âÁØÀ²,´ë¹ÌÈ¯»êÀ²
,º¸³»½Ç¶§,¹ÞÀ¸½Ç¶§,»ç½Ç¶§,ÆÄ½Ç¶§,,(ÀüÀÏ´ëºñ),,
2019.07.02,"1,087.53","1,066.65","1,095.93","1,058.25","1,090.01","1,077.09»ó½Â2.87","1,066.80",0.9200
2019.07.01,"1,084.63","1,063.81","1,093.01","1,055.43","1,087.11","1,074.22»ó½Â1.42","1,066.74",0.9200
2019.06.28,"1,083.20","1,062.40","1,091.57","1,054.03","1,085.67","1,072.80»ó½Â0.30","1,073.35",0.9200
2019.06.27,"1,082.90","1,062.10","1,091.26","1,053.74","1,085.37","1,072.50ÇÏ¶ô-3.24","1,075.00",0.9200
2019.06.26,"1,086.17","1,065.31","1,094.56","1,056.92","1,088.64","1,075.74ÇÏ¶ô-4.34","1,077.35",0.9200
2019.06.25,"1,090.55","1,069.61","1,098.98","1,061.18","1,093.04","1,080.08»ó½Â1.72","1,078.97",0.9300
2019.06.24,"1,088.82","1,067.90","1,097.23","1,059.49","1,091.30","1,078.36ÇÏ¶ô-5.66","1,082.19",0.9300
2019.06.21,"1,094.53","1,073.51","1,102.99","1,065.05","1,097.02","1,084.02»ó½Â6.66","1,087.90",0.9300
2019.06.20,"1,087.81","1,066.91","1,096.21","1,058.51","1,090.28","1,077.36ÇÏ¶ô-7.72","1,089.16",0.9200
2019.06.19,"1,095.60","1,074.56","1,104.06","1,066.10","1,098.10","1,085.08ÇÏ¶ô-10.28","1,092.12",0.9200
2019.06.18,"1,105.98","1,084.74","1,114.52","1,076.20","1,108.50","1,095.36»ó½Â2.11","1,092.81",0.9200
2019.06.17,"1,103.85","1,082.65","1,112.38","1,074.12","1,106.36","1,093.25ÇÏ¶ô-2.00","1,090.79",0.9200
2019.06.14,"1,105.87","1,084.63","1,114.41","1,076.09","1,108.39","1,095.25»ó½Â3.41","1,093.45",0.9200
2019.06.13,"1,102.43","1,081.25","1,110.94","1,072.74","1,104.94","1,091.84ÇÏ¶ô-0.90","1,089.38",0.9200
2019.06.12,"1,103.33","1,082.15","1,111.86","1,073.62","1,105.85","1,092.74»ó½Â5.25","1,088.67",0.9200
2019.06.11,"1,098.03","1,076.95","1,106.52","1,068.46","1,100.53","1,087.49ÇÏ¶ô-5.26","1,092.10",0.9200
2019.06.10,"1,103.34","1,082.16","1,111.87","1,073.63","1,105.86","1,092.75»ó½Â0.12","1,087.55",0.9200
2019.06.07,"1,103.22","1,082.04","1,111.75","1,073.51","1,105.74","1,092.63»ó½Â3.59","1,087.87",0.9200
2019.06.05,"1,099.60","1,078.48","1,108.09","1,069.99","1,102.10","1,089.04ÇÏ¶ô-5.42","1,091.81",0.9200
2019.06.04,"1,105.07","1,083.85","1,113.61","1,075.31","1,107.59","1,094.46»ó½Â2.33","1,095.62",0.9200
2019.06.03,"1,102.72","1,081.54","1,111.24","1,073.02","1,105.23","1,092.13ÇÏ¶ô-2.49","1,100.36",0.9200
2019.05.31,"1,105.23","1,084.01","1,113.77","1,075.47","1,107.75","1,094.62»ó½Â8.78","1,085.82",0.9100
2019.05.30,"1,096.37","1,075.31","1,104.84","1,066.84","1,098.87","1,085.84ÇÏ¶ô-8.38","1,088.59",0.9100
2019.05.29,"1,104.83","1,083.61","1,113.36","1,075.08","1,107.35","1,094.22»ó½Â6.03","1,085.90",0.9100
2019.05.28,"1,098.74","1,077.64","1,107.23","1,069.15","1,101.24","1,088.19»ó½Â5.49","1,080.97",0.9100
2019.05.27,"1,093.20","1,072.20","1,101.64","1,063.76","1,095.69","1,082.70ÇÏ¶ô-2.14","1,087.63",0.9100
2019.05.24,"1,095.36","1,074.32","1,103.82","1,065.86","1,097.85","1,084.84»ó½Â2.89","1,087.41",0.9100
2019.05.23,"1,092.44","1,071.46","1,100.88","1,063.02","1,094.93","1,081.95»ó½Â3.04","1,083.29",0.9000
2019.05.22,"1,089.37","1,068.45","1,097.79","1,060.03","1,091.85","1,078.91ÇÏ¶ô-7.23","1,079.27",0.9000
2019.05.21,"1,096.67","1,075.61","1,105.14","1,067.14","1,099.17","1,086.14ÇÏ¶ô-0.07","1,083.91",0.9000
2019.05.20,"1,096.74","1,075.68","1,105.21","1,067.21","1,099.24","1,086.21ÇÏ¶ô-5.08","1,083.63",0.9000
2019.05.17,"1,101.87","1,080.71","1,110.38","1,072.20","1,104.38","1,091.29»ó½Â5.13","1,083.06",0.9100
2019.05.16,"1,096.69","1,075.63","1,105.16","1,067.16","1,099.19","1,086.16ÇÏ¶ô-1.20","1,085.96",0.9100
2019.05.15,"1,097.90","1,076.82","1,106.38","1,068.34","1,100.40","1,087.36»ó½Â3.35","1,082.58",0.9100
2019.05.14,"1,094.52","1,073.50","1,102.98","1,065.04","1,097.01","1,084.01»ó½Â1.02","1,083.08",0.9100
2019.05.13,"1,093.49","1,072.49","1,101.94","1,064.04","1,095.98","1,082.99»ó½Â10.42","1,073.29",0.9100
2019.05.10,"1,082.97","1,062.17","1,091.33","1,053.81","1,085.44","1,072.57ÇÏ¶ô-4.98","1,071.39",0.9100
2019.05.09,"1,088.00","1,067.10","1,096.40","1,058.70","1,090.48","1,077.55»ó½Â15.00","1,063.01",0.9100
2019.05.08,"1,072.85","1,052.25","1,081.14","1,043.96","1,075.30","1,062.55»ó½Â6.20","1,061.09",0.9000
2019.05.07,"1,066.59","1,046.11","1,074.83","1,037.87","1,069.02","1,056.35»ó½Â6.38","1,055.84",0.9000
2019.05.03,"1,060.15","1,039.79","1,068.34","1,031.60","1,062.56","1,049.97»ó½Â5.27","1,043.72",0.8900
2019.05.02,"1,054.83","1,034.57","1,062.98","1,026.42","1,057.23","1,044.70ÇÏ¶ô-2.12","1,044.38",0.8900
2019.04.30,"1,056.97","1,036.67","1,065.13","1,028.51","1,059.38","1,046.82»ó½Â8.39","1,037.02",0.8900
2019.04.29,"1,048.50","1,028.36","1,056.60","1,020.26","1,050.89","1,038.43ÇÏ¶ô-0.88","1,039.16",0.8900
2019.04.26,"1,049.39","1,029.23","1,057.49","1,021.13","1,051.78","1,039.31ÇÏ¶ô-0.69","1,038.77",0.8900
2019.04.25,"1,050.08","1,029.92","1,058.20","1,021.80","1,052.48","1,040.00»ó½Â11.83","1,022.60",0.8900
2019.04.24,"1,038.14","1,018.20","1,046.16","1,010.18","1,040.50","1,028.17»ó½Â6.85","1,020.07",0.8900
2019.04.23,"1,031.22","1,011.42","1,039.19","1,003.45","1,033.57","1,021.32»ó½Â1.44","1,019.07",0.8900
2019.04.22,"1,029.77","1,009.99","1,037.72","1,002.04","1,032.11","1,019.88»ó½Â4.33","1,016.04",0.8900
2019.04.19,"1,025.40","1,005.70","1,033.32",997.78,"1,027.73","1,015.55ÇÏ¶ô-1.26","1,014.74",0.8900
2019.04.18,"1,026.67","1,006.95","1,034.60",999.02,"1,029.01","1,016.81»ó½Â4.58","1,013.97",0.8900
2019.04.17,"1,022.04","1,002.42","1,029.94",994.52,"1,024.37","1,012.23ÇÏ¶ô-2.60","1,013.97",0.8900
2019.04.16,"1,024.67","1,004.99","1,032.58",997.08,"1,027.00","1,014.83»ó½Â2.68","1,012.55",0.8900
2019.04.15,"1,021.96","1,002.34","1,029.86",994.44,"1,024.29","1,012.15ÇÏ¶ô-4.64","1,018.17",0.8900
2019.04.12,"1,026.65","1,006.93","1,034.58",999.00,"1,028.99","1,016.79ÇÏ¶ô-8.76","1,020.56",0.8900
2019.04.11,"1,035.49","1,015.61","1,043.49","1,007.61","1,037.85","1,025.55»ó½Â0.64","1,028.71",0.8900
2019.04.10,"1,034.85","1,014.97","1,042.84","1,006.98","1,037.20","1,024.91»ó½Â0.02","1,028.21",0.8900
2019.04.09,"1,034.83","1,014.95","1,042.82","1,006.96","1,037.18","1,024.89ÇÏ¶ô-2.74","1,024.09",0.8900
2019.04.08,"1,037.59","1,017.67","1,045.61","1,009.65","1,039.96","1,027.63»ó½Â8.83","1,017.50",0.8900
2019.04.05,"1,028.68","1,008.92","1,036.62","1,000.98","1,031.02","1,018.80ÇÏ¶ô-2.75","1,017.06",0.8900
2019.04.04,"1,031.45","1,011.65","1,039.42","1,003.68","1,033.80","1,021.55»ó½Â3.61","1,018.26",0.8900
2019.04.03,"1,027.81","1,008.07","1,035.75","1,000.13","1,030.15","1,017.94ÇÏ¶ô-2.71","1,020.26",0.8900
2019.04.02,"1,030.55","1,010.75","1,038.51","1,002.79","1,032.89","1,020.65ÇÏ¶ô-0.78","1,016.70",0.8900
2019.04.01,"1,031.33","1,011.53","1,039.30","1,003.56","1,033.68","1,021.43ÇÏ¶ô-3.93","1,024.11",0.9000
2019.03.29,"1,035.30","1,015.42","1,043.30","1,007.42","1,037.66","1,025.36ÇÏ¶ô-6.20","1,028.24",0.9000
2019.03.28,"1,041.56","1,021.56","1,049.61","1,013.51","1,043.93","1,031.56»ó½Â4.44","1,026.92",0.9000
2019.03.27,"1,037.08","1,017.16","1,045.09","1,009.15","1,039.44","1,027.12ÇÏ¶ô-2.19","1,024.29",0.9000
2019.03.26,"1,039.29","1,019.33","1,047.32","1,011.30","1,041.66","1,029.31ÇÏ¶ô-0.48","1,031.31",0.9000
2019.03.25,"1,039.77","1,019.81","1,047.81","1,011.77","1,042.14","1,029.79»ó½Â4.48","1,026.58",0.9000
2019.03.22,"1,035.25","1,015.37","1,043.25","1,007.37","1,037.61","1,025.31»ó½Â2.93","1,016.39",0.9000
2019.03.21,"1,032.29","1,012.47","1,040.27","1,004.49","1,034.64","1,022.38»ó½Â9.84","1,021.37",0.9000
2019.03.20,"1,022.36","1,002.72","1,030.25",994.83,"1,024.69","1,012.54ÇÏ¶ô-4.18","1,015.49",0.8900
2019.03.19,"1,026.58","1,006.86","1,034.51",998.93,"1,028.92","1,016.72»ó½Â1.12","1,017.82",0.8900
2019.03.18,"1,025.45","1,005.75","1,033.37",997.83,"1,027.78","1,015.60ÇÏ¶ô-2.22","1,018.88",0.8900
2019.03.15,"1,027.69","1,007.95","1,035.63","1,000.01","1,030.03","1,017.82»ó½Â2.69","1,013.96",0.8900
2019.03.14,"1,024.97","1,005.29","1,032.89",997.37,"1,027.31","1,015.13ÇÏ¶ô-2.66","1,017.40",0.8900
2019.03.13,"1,027.66","1,007.92","1,035.60",999.98,"1,030.00","1,017.79»ó½Â3.43","1,014.33",0.8900
2019.03.12,"1,024.19","1,004.53","1,032.11",996.61,"1,026.53","1,014.36ÇÏ¶ô-5.24","1,019.45",0.8900
2019.03.11,"1,029.49","1,009.71","1,037.44","1,001.76","1,031.83","1,019.60ÇÏ¶ô-4.63","1,020.38",0.8900
2019.03.08,"1,034.16","1,014.30","1,042.15","1,006.31","1,036.52","1,024.23»ó½Â14.11","1,011.16",0.9000
2019.03.07,"1,019.91","1,000.33","1,027.79",992.45,"1,022.24","1,010.12»ó½Â0.55","1,009.53",0.8900
2019.03.06,"1,019.36",999.78,"1,027.23",991.91,"1,021.68","1,009.57»ó½Â3.31","1,006.21",0.8900
2019.03.05,"1,016.02",996.50,"1,023.86",988.66,"1,018.33","1,006.26","1,006.85",0.8900
2019.03.04,"1,016.02",996.50,"1,023.86",988.66,"1,018.33","1,006.26ÇÏ¶ô-8.73","1,000.49",0.8900
2019.02.28,"1,024.83","1,005.15","1,032.75",997.23,"1,027.16","1,014.99»ó½Â1.03","1,007.62",0.9000
2019.02.27,"1,023.79","1,004.13","1,031.70",996.22,"1,026.12","1,013.96»ó½Â5.03","1,011.62",0.9000
2019.02.26,"1,018.71",999.15,"1,026.58",991.28,"1,021.03","1,008.93ÇÏ¶ô-3.18","1,009.23",0.9000
2019.02.25,"1,021.92","1,002.30","1,029.82",994.40,"1,024.25","1,012.11ÇÏ¶ô-3.06","1,016.20",0.9000
2019.02.22,"1,025.01","1,005.33","1,032.93",997.41,"1,027.35","1,015.17ÇÏ¶ô-1.08","1,015.95",0.9000
2019.02.21,"1,026.10","1,006.40","1,034.03",998.47,"1,028.44","1,016.25»ó½Â2.72","1,012.95",0.9000
2019.02.20,"1,023.36","1,003.70","1,031.26",995.80,"1,025.69","1,013.53ÇÏ¶ô-4.89","1,019.72",0.9000
2019.02.19,"1,028.29","1,008.55","1,036.24","1,000.60","1,030.64","1,018.42»ó½Â0.24","1,016.95",0.9000
2019.02.18,"1,028.05","1,008.31","1,035.99","1,000.37","1,030.39","1,018.18ÇÏ¶ô-5.75","1,020.31",0.9000
2019.02.15,"1,033.86","1,014.00","1,041.84","1,006.02","1,036.21","1,023.93»ó½Â8.71","1,018.05",0.9000
2019.02.14,"1,025.06","1,005.38","1,032.98",997.46,"1,027.40","1,015.22»ó½Â1.67","1,010.77",0.9000
2019.02.13,"1,023.38","1,003.72","1,031.28",995.82,"1,025.71","1,013.55ÇÏ¶ô-3.90","1,018.15",0.9000
2019.02.12,"1,027.31","1,007.59","1,035.25",999.65,"1,029.65","1,017.45ÇÏ¶ô-5.17","1,018.25",0.9000
2019.02.11,"1,032.53","1,012.71","1,040.51","1,004.73","1,034.89","1,022.62ÇÏ¶ô-0.16","1,023.90",0.9000
2019.02.08,"1,032.70","1,012.86","1,040.67","1,004.89","1,035.05","1,022.78ÇÏ¶ô-0.29","1,023.09",0.9100
2019.02.07,"1,032.99","1,013.15","1,040.97","1,005.17","1,035.34","1,023.07ÇÏ¶ô-4.13","1,015.97",0.9000
2019.02.01,"1,037.16","1,017.24","1,045.17","1,009.23","1,039.52","1,027.20»ó½Â3.20","1,021.36",0.9100
2019.01.31,"1,033.93","1,014.07","1,041.92","1,006.08","1,036.28","1,024.00»ó½Â2.33","1,024.81",0.9100
2019.01.30,"1,031.58","1,011.76","1,039.54","1,003.80","1,033.93","1,021.67ÇÏ¶ô-1.48","1,021.80",0.9100
2019.01.29,"1,033.07","1,013.23","1,041.05","1,005.25","1,035.42","1,023.15»ó½Â0.30","1,022.19",0.9100
2019.01.28,"1,032.77","1,012.93","1,040.74","1,004.96","1,035.12","1,022.85»ó½Â1.55","1,026.97",0.9100
2019.01.25,"1,031.20","1,011.40","1,039.17","1,003.43","1,033.55","1,021.30ÇÏ¶ô-8.83","1,029.81",0.9100
2019.01.24,"1,040.12","1,020.14","1,048.15","1,012.11","1,042.49","1,030.13»ó½Â0.75","1,029.71",0.9100
2019.01.23,"1,039.36","1,019.40","1,047.39","1,011.37","1,041.73","1,029.38ÇÏ¶ô-5.38","1,033.66",0.9100
2019.01.22,"1,044.79","1,024.73","1,052.86","1,016.66","1,047.17","1,034.76»ó½Â3.15","1,027.36",0.9100
2019.01.21,"1,041.61","1,021.61","1,049.66","1,013.56","1,043.98","1,031.61»ó½Â6.30","1,021.87",0.9100
2019.01.18,"1,035.25","1,015.37","1,043.25","1,007.37","1,037.61","1,025.31ÇÏ¶ô-6.67","1,027.35",0.9100
2019.01.17,"1,041.99","1,021.97","1,050.03","1,013.93","1,044.36","1,031.98»ó½Â0.04","1,028.65",0.9100
2019.01.16,"1,041.94","1,021.94","1,049.99","1,013.89","1,044.32","1,031.94ÇÏ¶ô-0.19","1,030.97",0.9200
2019.01.15,"1,042.14","1,022.12","1,050.19","1,014.07","1,044.51","1,032.13ÇÏ¶ô-6.05","1,036.75",0.9200
2019.01.14,"1,048.25","1,028.11","1,056.34","1,020.02","1,050.63","1,038.18»ó½Â7.61","1,030.28",0.9200
2019.01.11,"1,040.56","1,020.58","1,048.60","1,012.54","1,042.93","1,030.57ÇÏ¶ô-6.58","1,031.96",0.9200
2019.01.10,"1,047.21","1,027.09","1,055.30","1,019.00","1,049.59","1,037.15»ó½Â6.45","1,036.89",0.9200
2019.01.09,"1,040.69","1,020.71","1,048.73","1,012.67","1,043.06","1,030.70ÇÏ¶ô-2.82","1,031.31",0.9100
2019.01.08,"1,043.54","1,023.50","1,051.60","1,015.44","1,045.92","1,033.52ÇÏ¶ô-0.47","1,028.85",0.9100
2019.01.07,"1,044.01","1,023.97","1,052.08","1,015.90","1,046.39","1,033.99ÇÏ¶ô-6.84","1,038.34",0.9200
2019.01.04,"1,050.92","1,030.74","1,059.04","1,022.62","1,053.31","1,040.83ÇÏ¶ô-6.64","1,046.36",0.9200
2019.01.03,"1,057.63","1,037.31","1,065.80","1,029.14","1,060.03","1,047.47»ó½Â19.49","1,044.87",0.9200
2019.01.02,"1,037.95","1,018.01","1,045.96","1,010.00","1,040.31","1,027.98»ó½Â16.36","1,019.47",0.9100
2018.12.31,"1,021.43","1,001.81","1,029.32",993.92,"1,023.75","1,011.62»ó½Â0.48","1,013.18",0.9000
2018.12.28,"1,020.94","1,001.34","1,028.83",993.45,"1,023.27","1,011.14»ó½Â1.40","1,010.95",0.9000
2018.12.27,"1,019.53",999.95,"1,027.41",992.07,"1,021.85","1,009.74ÇÏ¶ô-9.63","1,012.23",0.9000
2018.12.26,"1,029.25","1,009.49","1,037.20","1,001.54","1,031.60","1,019.37»ó½Â5.22","1,021.42",0.9000
2018.12.24,"1,023.98","1,004.32","1,031.89",996.41,"1,026.31","1,014.15»ó½Â2.72","1,011.84",0.9000
2018.12.21,"1,021.24","1,001.62","1,029.13",993.73,"1,023.56","1,011.43»ó½Â4.55","1,015.02",0.9000
2018.12.20,"1,016.64",997.12,"1,024.50",989.26,"1,018.96","1,006.88»ó½Â4.65","1,001.11",0.8900
2018.12.19,"1,011.95",992.51,"1,019.76",984.70,"1,014.25","1,002.23ÇÏ¶ô-1.33","1,004.94",0.8800
2018.12.18,"1,013.29",993.83,"1,021.12",986.00,"1,015.60","1,003.56»ó½Â5.76","1,003.15",0.8800
2018.12.17,"1,007.47",988.13,"1,015.26",980.34,"1,009.77",997.80ÇÏ¶ô-0.70,996.34,0.8800
2018.12.14,"1,008.18",988.82,"1,015.97",981.03,"1,010.48",998.50»ó½Â6.81,989.44,0.8800
2018.12.13,"1,001.30",982.08,"1,009.04",974.34,"1,003.59",991.69ÇÏ¶ô-3.73,995.98,0.8800
2018.12.12,"1,005.07",985.77,"1,012.83",978.01,"1,007.36",995.42ÇÏ¶ô-4.52,995.99,0.8800
2018.12.11,"1,009.63",990.25,"1,017.43",982.45,"1,011.93",999.94ÇÏ¶ô-0.68,993.16,0.8800
2018.12.10,"1,010.32",990.92,"1,018.13",983.11,"1,012.62","1,000.62»ó½Â7.71",993.78,0.8800
2018.12.07,"1,002.54",983.28,"1,010.28",975.54,"1,004.82",992.91»ó½Â2.38,991.97,0.8800
2018.12.06,"1,000.13",980.93,"1,007.86",973.20,"1,002.41",990.53»ó½Â5.39,984.40,0.8800
2018.12.05,994.69,975.59,"1,002.37",967.91,996.96,985.14»ó½Â5.32,984.65,0.8800
2018.12.04,989.32,970.32,996.96,962.68,991.57,979.82»ó½Â1.41,980.33,0.8800
2018.12.03,987.90,968.92,995.53,961.29,990.15,978.41ÇÏ¶ô-11.08,984.40,0.8800
2018.11.30,999.08,979.90,"1,006.80",972.18,"1,001.36",989.49»ó½Â0.43,988.98,0.8800
2018.11.29,998.65,979.47,"1,006.36",971.76,"1,000.92",989.06ÇÏ¶ô-1.63,993.79,0.8800
2018.11.28,"1,000.29",981.09,"1,008.02",973.36,"1,002.57",990.69ÇÏ¶ô-3.68,993.06,0.8700
2018.11.27,"1,004.01",984.73,"1,011.77",976.97,"1,006.30",994.37ÇÏ¶ô-1.31,994.94,0.8800
2018.11.26,"1,005.33",986.03,"1,013.10",978.26,"1,007.62",995.68ÇÏ¶ô-7.69,"1,001.11",0.8800
2018.11.23,"1,013.10",993.64,"1,020.92",985.82,"1,015.41","1,003.37»ó½Â3.10",999.34,0.8800
2018.11.22,"1,009.97",990.57,"1,017.77",982.77,"1,012.27","1,000.27ÇÏ¶ô-1.59","1,000.49",0.8800
2018.11.21,"1,011.57",992.15,"1,019.39",984.33,"1,013.88","1,001.86ÇÏ¶ô-1.34","1,000.40",0.8800
2018.11.20,"1,012.93",993.47,"1,020.75",985.65,"1,015.23","1,003.20»ó½Â4.80","1,002.31",0.8900
2018.11.19,"1,008.08",988.72,"1,015.87",980.93,"1,010.38",998.40»ó½Â0.96,"1,001.02",0.8800
2018.11.16,"1,007.11",987.77,"1,014.89",979.99,"1,009.40",997.44»ó½Â2.29,995.25,0.8800
2018.11.15,"1,004.80",985.50,"1,012.56",977.74,"1,007.09",995.15ÇÏ¶ô-2.21,996.74,0.8800
2018.11.14,"1,007.03",987.69,"1,014.81",979.91,"1,009.32",997.36»ó½Â3.49,998.15,0.8700
2018.11.13,"1,003.51",984.23,"1,011.26",976.48,"1,005.79",993.87ÇÏ¶ô-3.94,994.68,0.8700
2018.11.12,"1,007.48",988.14,"1,015.27",980.35,"1,009.78",997.81»ó½Â5.89,988.54,0.8700
2018.11.09,"1,001.54",982.30,"1,009.27",974.57,"1,003.82",991.92»ó½Â10.48,980.75,0.8700
2018.11.08,990.95,971.93,998.61,964.27,993.21,981.44ÇÏ¶ô-9.55,987.36,0.8700
2018.11.07,"1,000.60",981.38,"1,008.33",973.65,"1,002.88",990.99ÇÏ¶ô-1.33,989.38,0.8800
2018.11.06,"1,001.94",982.70,"1,009.68",974.96,"1,004.22",992.32ÇÏ¶ô-0.17,991.57,0.8800
2018.11.05,"1,002.11",982.87,"1,009.85",975.13,"1,004.39",992.49»ó½Â2.05,994.57,0.8800
2018.11.02,"1,000.04",980.84,"1,007.77",973.11,"1,002.32",990.44ÇÏ¶ô-13.10,"1,010.96",0.8800
2018.11.01,"1,013.27",993.81,"1,021.10",985.98,"1,015.58","1,003.54ÇÏ¶ô-3.26","1,009.08",0.8800
2018.10.31,"1,016.56",997.04,"1,024.41",989.19,"1,018.88","1,006.80ÇÏ¶ô-2.70","1,008.89",0.8800
2018.10.30,"1,019.29",999.71,"1,027.16",991.84,"1,021.61","1,009.50ÇÏ¶ô-11.23","1,013.26",0.8800
2018.10.29,"1,030.63","1,010.83","1,038.59","1,002.87","1,032.97","1,020.73»ó½Â2.34","1,019.21",0.8900
2018.10.26,"1,028.26","1,008.52","1,036.21","1,000.57","1,030.61","1,018.39»ó½Â4.95","1,013.13",0.8900
2018.10.25,"1,023.27","1,003.61","1,031.17",995.71,"1,025.60","1,013.44»ó½Â6.15","1,009.95",0.8900
2018.10.24,"1,017.06",997.52,"1,024.91",989.67,"1,019.37","1,007.29ÇÏ¶ô-4.73","1,010.32",0.8800
2018.10.23,"1,021.83","1,002.21","1,029.73",994.31,"1,024.16","1,012.02»ó½Â8.74","1,002.35",0.8900
2018.10.22,"1,013.01",993.55,"1,020.83",985.73,"1,015.31","1,003.28ÇÏ¶ô-4.45","1,008.67",0.8800
2018.10.19,"1,017.50",997.96,"1,025.36",990.10,"1,019.82","1,007.73»ó½Â0.09","1,009.40",0.8800
2018.10.18,"1,017.41",997.87,"1,025.27",990.01,"1,019.73","1,007.64»ó½Â3.99",998.89,0.8800
2018.10.17,"1,013.38",993.92,"1,021.21",986.09,"1,015.69","1,003.65ÇÏ¶ô-0.44","1,004.59",0.8900
2018.10.16,"1,013.82",994.36,"1,021.66",986.52,"1,016.13","1,004.09ÇÏ¶ô-10.95","1,013.82",0.8900
2018.10.15,"1,024.88","1,005.20","1,032.80",997.28,"1,027.22","1,015.04»ó½Â6.58","1,010.21",0.8900
2018.10.12,"1,018.24",998.68,"1,026.10",990.82,"1,020.56","1,008.46ÇÏ¶ô-8.54","1,018.91",0.8900
2018.10.11,"1,026.86","1,007.14","1,034.79",999.21,"1,029.20","1,017.00»ó½Â11.53","1,008.86",0.8900
2018.10.10,"1,015.22",995.72,"1,023.06",987.88,"1,017.53","1,005.47»ó½Â3.00","1,001.24",0.8800
2018.10.08,"1,012.19",992.75,"1,020.01",984.93,"1,014.49","1,002.47»ó½Â9.76",994.33,0.8800
2018.10.05,"1,002.33",983.09,"1,010.08",975.34,"1,004.62",992.71»ó½Â4.60,990.87,0.8700
2018.10.04,997.69,978.53,"1,005.40",970.82,999.96,988.11»ó½Â1.83,975.15,0.8700
2018.10.02,995.84,976.72,"1,003.53",969.03,998.11,986.28»ó½Â11.81,974.43,0.8700
2018.10.01,983.92,965.02,991.52,957.42,986.16,974.47ÇÏ¶ô-4.03,975.79,0.8700
2018.09.28,987.99,969.01,995.62,961.38,990.24,978.50ÇÏ¶ô-8.28,981.17,0.8800
2018.09.27,996.35,977.21,"1,004.04",969.52,998.62,986.78ÇÏ¶ô-3.46,990.20,0.8800
2018.09.21,999.84,980.64,"1,007.56",972.92,"1,002.12",990.24ÇÏ¶ô-9.23,995.73,0.8800
2018.09.20,"1,009.16",989.78,"1,016.96",981.98,"1,011.46",999.47»ó½Â0.99,"1,000.04",0.8900
2018.09.19,"1,008.16",988.80,"1,015.95",981.01,"1,010.46",998.48ÇÏ¶ô-6.08,"1,002.49",0.8800
2018.09.18,"1,014.30",994.82,"1,022.13",986.99,"1,016.61","1,004.56ÇÏ¶ô-2.50","1,008.15",0.8900
2018.09.17,"1,016.82",997.30,"1,024.68",989.44,"1,019.14","1,007.06»ó½Â7.33",999.42,0.8900
2018.09.14,"1,009.42",990.04,"1,017.22",982.24,"1,011.72",999.73ÇÏ¶ô-7.71,"1,000.94",0.8900
2018.09.13,"1,017.21",997.67,"1,025.07",989.81,"1,019.52","1,007.44ÇÏ¶ô-4.85","1,013.39",0.8900
2018.09.12,"1,022.10","1,002.48","1,030.00",994.58,"1,024.43","1,012.29»ó½Â0.62","1,009.54",0.8900
2018.09.11,"1,021.48","1,001.86","1,029.37",993.97,"1,023.81","1,011.67ÇÏ¶ô-4.45","1,014.98",0.8900
2018.09.10,"1,025.97","1,006.27","1,033.90",998.34,"1,028.31","1,016.12»ó½Â2.22","1,012.03",0.9000
2018.09.07,"1,023.73","1,004.07","1,031.64",996.16,"1,026.06","1,013.90»ó½Â6.81","1,013.15",0.9000
2018.09.06,"1,016.85",997.33,"1,024.71",989.47,"1,019.17","1,007.09ÇÏ¶ô-0.35","1,002.42",0.8900
2018.09.05,"1,017.21",997.67,"1,025.07",989.81,"1,019.52","1,007.44»ó½Â6.63",999.46,0.8900
2018.09.04,"1,010.51",991.11,"1,018.32",983.30,"1,012.81","1,000.81ÇÏ¶ô-0.54","1,002.39",0.8900
2018.09.03,"1,011.06",991.64,"1,018.87",983.83,"1,013.36","1,001.35ÇÏ¶ô-6.32","1,001.75",0.9000
2018.08.31,"1,017.44",997.90,"1,025.30",990.04,"1,019.76","1,007.67»ó½Â12.60",998.65,0.9000
2018.08.30,"1,004.72",985.42,"1,012.48",977.66,"1,007.01",995.07ÇÏ¶ô-4.21,992.35,0.8900
2018.08.29,"1,008.97",989.59,"1,016.76",981.80,"1,011.27",999.28»ó½Â2.07,998.47,0.8900
2018.08.28,"1,006.88",987.54,"1,014.66",979.76,"1,009.17",997.21ÇÏ¶ô-4.86,"1,002.47",0.9000
2018.08.27,"1,011.79",992.35,"1,019.60",984.54,"1,014.09","1,002.07ÇÏ¶ô-1.88","1,008.22",0.8900
2018.08.24,"1,013.68",994.22,"1,021.51",986.39,"1,015.99","1,003.95ÇÏ¶ô-8.14","1,006.51",0.8900
2018.08.23,"1,021.90","1,002.28","1,029.80",994.38,"1,024.23","1,012.09ÇÏ¶ô-1.59","1,011.94",0.9000
2018.08.22,"1,023.51","1,003.85","1,031.41",995.95,"1,025.84","1,013.68ÇÏ¶ô-1.02","1,015.58",0.9000
2018.08.21,"1,024.54","1,004.86","1,032.45",996.95,"1,026.87","1,014.70ÇÏ¶ô-0.12","1,020.14",0.9000
2018.08.20,"1,024.66","1,004.98","1,032.57",997.07,"1,026.99","1,014.82ÇÏ¶ô-0.81","1,018.50",0.9000
2018.08.17,"1,025.48","1,005.78","1,033.40",997.86,"1,027.81","1,015.63ÇÏ¶ô-4.67","1,019.02",0.9000
2018.08.16,"1,030.19","1,010.41","1,038.15","1,002.45","1,032.54","1,020.30»ó½Â3.28","1,023.41",0.9000
2018.08.14,"1,026.88","1,007.16","1,034.81",999.23,"1,029.22","1,017.02ÇÏ¶ô-11.28","1,024.30",0.9000
2018.08.13,"1,038.27","1,018.33","1,046.29","1,010.31","1,040.63","1,028.30»ó½Â9.62","1,018.22",0.9000
2018.08.10,"1,028.56","1,008.80","1,036.50","1,000.86","1,030.90","1,018.68»ó½Â12.11","1,005.62",0.9000
2018.08.09,"1,016.33",996.81,"1,024.18",988.96,"1,018.64","1,006.57ÇÏ¶ô-2.98","1,008.84",0.8900
2018.08.08,"1,019.34",999.76,"1,027.21",991.89,"1,021.66","1,009.55»ó½Â1.02","1,010.82",0.9000
2018.08.07,"1,018.31",998.75,"1,026.17",990.89,"1,020.63","1,008.53ÇÏ¶ô-2.98","1,009.07",0.8900
2018.08.06,"1,021.32","1,001.70","1,029.21",993.81,"1,023.64","1,011.51»ó½Â2.30","1,014.16",0.8900
2018.08.03,"1,018.99",999.43,"1,026.87",991.55,"1,021.32","1,009.21ÇÏ¶ô-2.62","1,005.60",0.8900
2018.08.02,"1,021.64","1,002.02","1,029.53",994.13,"1,023.97","1,011.83»ó½Â13.08","1,002.51",0.8900
2018.08.01,"1,008.43",989.07,"1,016.22",981.28,"1,010.73",998.75ÇÏ¶ô-4.84,"1,000.22",0.8900
2018.07.31,"1,013.32",993.86,"1,021.15",986.03,"1,015.63","1,003.59ÇÏ¶ô-4.69","1,005.95",0.8900
2018.07.30,"1,018.06",998.50,"1,025.92",990.64,"1,020.37","1,008.28»ó½Â2.34","1,009.46",0.9000
2018.07.27,"1,015.69",996.19,"1,023.54",988.34,"1,018.01","1,005.94ÇÏ¶ô-5.99","1,006.52",0.8900
2018.07.26,"1,021.74","1,002.12","1,029.63",994.23,"1,024.07","1,011.93»ó½Â0.43","1,016.73",0.9000
2018.07.25,"1,021.31","1,001.69","1,029.20",993.80,"1,023.63","1,011.50ÇÏ¶ô-8.46","1,020.63",0.8900
2018.07.24,"1,029.85","1,010.07","1,037.80","1,002.12","1,032.19","1,019.96ÇÏ¶ô-0.93","1,012.79",0.8900
2018.07.23,"1,030.79","1,010.99","1,038.75","1,003.03","1,033.14","1,020.89»ó½Â11.29","1,019.91",0.9000
2018.07.20,"1,019.39",999.81,"1,027.26",991.94,"1,021.71","1,009.60»ó½Â2.15","1,005.91",0.8800
2018.07.19,"1,017.22",997.68,"1,025.08",989.82,"1,019.53","1,007.45»ó½Â5.85","1,000.31",0.8800
2018.07.18,"1,011.31",991.89,"1,019.12",984.08,"1,013.61","1,001.60ÇÏ¶ô-0.19",995.84,0.8800
2018.07.17,"1,011.50",992.08,"1,019.32",984.26,"1,013.81","1,001.79ÇÏ¶ô-0.87","1,004.63",0.8900
2018.07.16,"1,012.38",992.94,"1,020.20",985.12,"1,014.69","1,002.66ÇÏ¶ô-0.97",999.07,0.8800
2018.07.13,"1,013.36",993.90,"1,021.19",986.07,"1,015.67","1,003.63»ó½Â1.14","1,001.55",0.8800
2018.07.12,"1,012.21",992.77,"1,020.03",984.95,"1,014.51","1,002.49ÇÏ¶ô-8.12","1,001.16",0.8800
2018.07.11,"1,020.41","1,000.81","1,028.29",992.93,"1,022.73","1,010.61»ó½Â6.29","1,004.28",0.8900
2018.07.10,"1,014.06",994.58,"1,021.89",986.75,"1,016.37","1,004.32ÇÏ¶ô-3.28","1,003.20",0.8900
2018.07.09,"1,017.37",997.83,"1,025.23",989.97,"1,019.69","1,007.60ÇÏ¶ô-1.35","1,012.22",0.9000
2018.07.06,"1,018.73",999.17,"1,026.60",991.30,"1,021.05","1,008.95ÇÏ¶ô-3.07","1,010.85",0.9000
2018.07.05,"1,021.83","1,002.21","1,029.73",994.31,"1,024.16","1,012.02»ó½Â1.89","1,009.55",0.9000
2018.07.04,"1,019.92","1,000.34","1,027.80",992.46,"1,022.25","1,010.13»ó½Â4.90","1,014.34",0.9000
2018.07.03,"1,014.98",995.48,"1,022.82",987.64,"1,017.29","1,005.23ÇÏ¶ô-5.52","1,008.26",0.9000
2018.07.02,"1,020.55","1,000.95","1,028.43",993.07,"1,022.87","1,010.75»ó½Â5.14","1,009.26",0.9000
2018.06.29,"1,015.36",995.86,"1,023.20",988.02,"1,017.67","1,005.61ÇÏ¶ô-13.78","1,014.79",0.9000
2018.06.28,"1,029.27","1,009.51","1,037.22","1,001.56","1,031.62","1,019.39ÇÏ¶ô-0.65","1,013.97",0.9000
2018.06.27,"1,029.93","1,010.15","1,037.89","1,002.19","1,032.28","1,020.04»ó½Â2.25","1,013.22",0.9100
2018.06.26,"1,027.66","1,007.92","1,035.60",999.98,"1,030.00","1,017.79ÇÏ¶ô-2.76","1,017.74",0.9100
2018.06.25,"1,030.44","1,010.66","1,038.40","1,002.70","1,032.79","1,020.55»ó½Â15.47","1,009.24",0.9100
2018.06.22,"1,014.82",995.34,"1,022.66",987.50,"1,017.14","1,005.08ÇÏ¶ô-2.35","1,008.78",0.9000
2018.06.21,"1,017.20",997.66,"1,025.06",989.80,"1,019.51","1,007.43»ó½Â3.17","1,003.67",0.9000
2018.06.20,"1,014.00",994.52,"1,021.83",986.69,"1,016.31","1,004.26ÇÏ¶ô-10.96","1,004.68",0.9000
2018.06.19,"1,025.06","1,005.38","1,032.98",997.46,"1,027.40","1,015.22»ó½Â15.58",999.23,0.9100
2018.06.18,"1,009.33",989.95,"1,017.13",982.15,"1,011.63",999.64»ó½Â7.34,986.84,0.9000
2018.06.15,"1,001.92",982.68,"1,009.66",974.94,"1,004.20",992.30»ó½Â7.67,978.53,0.9000
2018.06.14,994.18,975.08,"1,001.86",967.40,996.44,984.63»ó½Â7.15,975.32,0.9000
2018.06.12,986.96,968.00,994.58,960.38,989.20,977.48ÇÏ¶ô-0.96,974.18,0.9000
2018.06.11,987.93,968.95,995.56,961.32,990.18,978.44ÇÏ¶ô-6.57,980.81,0.9000
2018.06.08,994.56,975.46,"1,002.24",967.78,996.83,985.01»ó½Â12.57,973.78,0.9100
2018.06.07,981.87,963.01,989.45,955.43,984.10,972.44ÇÏ¶ô-2.24,970.91,0.9000
2018.06.05,984.13,965.23,991.73,957.63,986.37,974.68ÇÏ¶ô-2.76,974.21,0.9100
2018.06.04,986.92,967.96,994.54,960.34,989.16,977.44ÇÏ¶ô-6.08,982.51,0.9100
2018.06.01,993.06,973.98,"1,000.73",966.31,995.32,983.52ÇÏ¶ô-5.65,989.61,0.9100
2018.05.31,998.76,979.58,"1,006.48",971.86,"1,001.04",989.17ÇÏ¶ô-4.85,993.98,0.9100
2018.05.30,"1,003.66",984.38,"1,011.41",976.63,"1,005.94",994.02»ó½Â0.01,991.39,0.9200
2018.05.29,"1,003.65",984.37,"1,011.40",976.62,"1,005.93",994.01»ó½Â12.65,980.49,0.9200
2018.05.28,990.87,971.85,998.53,964.19,993.13,981.36ÇÏ¶ô-1.57,983.81,0.9100
2018.05.25,992.46,973.40,"1,000.13",965.73,994.72,982.93ÇÏ¶ô-0.30,988.19,0.9100
2018.05.24,992.76,973.70,"1,000.43",966.03,995.02,983.23ÇÏ¶ô-1.66,980.59,0.9100
2018.05.23,994.44,975.34,"1,002.12",967.66,996.70,984.89»ó½Â10.06,977.94,0.9100
2018.05.21,984.28,965.38,991.88,957.78,986.52,974.83»ó½Â1.42,974.33,0.8900
2018.05.18,982.85,963.97,990.44,956.38,985.09,973.41ÇÏ¶ô-3.38,974.27,0.9000
2018.05.17,986.26,967.32,993.88,959.70,988.51,976.79ÇÏ¶ô-4.60,977.84,0.9000
2018.05.16,990.90,971.88,998.56,964.22,993.16,981.39»ó½Â3.50,973.10,0.9000
2018.05.15,987.37,968.41,995.00,960.78,989.62,977.89»ó½Â2.36,972.07,0.9100
2018.05.14,984.99,966.07,992.60,958.46,987.23,975.53ÇÏ¶ô-2.69,977.23,0.9100
2018.05.11,987.70,968.74,995.33,961.11,989.95,978.22»ó½Â2.26,983.04,0.9100
2018.05.10,985.42,966.50,993.03,958.89,987.67,975.96ÇÏ¶ô-9.27,985.46,0.9100
2018.05.09,994.78,975.68,"1,002.47",967.99,997.05,985.23ÇÏ¶ô-4.78,988.49,0.9100
2018.05.08,999.61,980.41,"1,007.33",972.69,"1,001.89",990.01»ó½Â2.63,986.85,0.9100
2018.05.04,996.95,977.81,"1,004.65",970.11,999.22,987.38»ó½Â6.43,986.30,0.9100
2018.05.03,990.46,971.44,998.11,963.79,992.72,980.95»ó½Â0.67,978.83,0.9100
2018.05.02,989.78,970.78,997.43,963.13,992.04,980.28»ó½Â1.33,971.38,0.9100
2018.04.30,988.44,969.46,996.08,961.82,990.69,978.95ÇÏ¶ô-5.04,985.94,0.9100
2018.04.27,993.53,974.45,"1,001.20",966.78,995.79,983.99ÇÏ¶ô-4.03,987.43,0.9100
2018.04.26,997.60,978.44,"1,005.31",970.73,999.87,988.02ÇÏ¶ô-3.00,985.79,0.9100
2018.04.25,"1,000.63",981.41,"1,008.36",973.68,"1,002.91",991.02»ó½Â1.49,989.52,0.9100
2018.04.24,999.12,979.94,"1,006.84",972.22,"1,001.40",989.53ÇÏ¶ô-6.68,983.35,0.9100
2018.04.23,"1,005.87",986.55,"1,013.64",978.78,"1,008.16",996.21»ó½Â1.20,990.12,0.9200
2018.04.20,"1,004.66",985.36,"1,012.42",977.60,"1,006.95",995.01»ó½Â6.09,990.32,0.9200
2018.04.19,998.51,979.33,"1,006.22",971.62,"1,000.78",988.92ÇÏ¶ô-5.05,994.73,0.9300
2018.04.18,"1,003.61",984.33,"1,011.36",976.58,"1,005.89",993.97ÇÏ¶ô-4.63,998.22,0.9300
2018.04.17,"1,008.28",988.92,"1,016.07",981.13,"1,010.58",998.60ÇÏ¶ô-2.70,"1,001.63",0.9300
2018.04.16,"1,011.01",991.59,"1,018.82",983.78,"1,013.31","1,001.30»ó½Â7.05",994.75,0.9300
2018.04.13,"1,003.89",984.61,"1,011.64",976.86,"1,006.18",994.25ÇÏ¶ô-8.29,996.50,0.9200
2018.04.12,"1,012.26",992.82,"1,020.08",985.00,"1,014.57","1,002.54»ó½Â3.76",998.27,0.9300
2018.04.11,"1,008.46",989.10,"1,016.25",981.31,"1,010.76",998.78»ó½Â1.59,996.17,0.9300
2018.04.10,"1,006.86",987.52,"1,014.64",979.74,"1,009.15",997.19ÇÏ¶ô-2.33,"1,000.33",0.9300
2018.04.09,"1,009.21",989.83,"1,017.01",982.03,"1,011.51",999.52»ó½Â3.79,997.52,0.9300
2018.04.06,"1,005.38",986.08,"1,013.15",978.31,"1,007.67",995.73»ó½Â4.60,989.03,0.9300
2018.04.05,"1,000.74",981.52,"1,008.47",973.79,"1,003.02",991.13ÇÏ¶ô-9.72,990.68,0.9300
2018.04.04,"1,010.55",991.15,"1,018.36",983.34,"1,012.86","1,000.85»ó½Â5.75",992.82,0.9400
2018.04.03,"1,004.75",985.45,"1,012.51",977.69,"1,007.04",995.10»ó½Â3.57,999.67,0.9400
2018.04.02,"1,001.14",981.92,"1,008.88",974.18,"1,003.42",991.53ÇÏ¶ô-8.66,"1,000.80",0.9400
2018.03.30,"1,009.89",990.49,"1,017.69",982.69,"1,012.19","1,000.19ÇÏ¶ô-0.09","1,001.46",0.9400
2018.03.29,"1,009.98",990.58,"1,017.78",982.78,"1,012.28","1,000.28ÇÏ¶ô-14.59","1,001.17",0.9300
2018.03.28,"1,024.71","1,005.03","1,032.63",997.11,"1,027.04","1,014.87ÇÏ¶ô-1.52","1,017.36",0.9400
2018.03.27,"1,026.24","1,006.54","1,034.17",998.61,"1,028.58","1,016.39ÇÏ¶ô-10.94","1,025.47",0.9400
2018.03.26,"1,037.29","1,017.37","1,045.30","1,009.36","1,039.65","1,027.33ÇÏ¶ô-2.02","1,031.49",0.9500
2018.03.23,"1,039.33","1,019.37","1,047.36","1,011.34","1,041.70","1,029.35»ó½Â14.04","1,019.60",0.9500
2018.03.22,"1,025.15","1,005.47","1,033.07",997.55,"1,027.49","1,015.31»ó½Â7.03","1,011.42",0.9400
2018.03.21,"1,018.06",998.50,"1,025.92",990.64,"1,020.37","1,008.28»ó½Â1.98","1,005.40",0.9400
2018.03.20,"1,016.06",996.54,"1,023.91",988.69,"1,018.37","1,006.30ÇÏ¶ô-5.97","1,010.14",0.9400
2018.03.19,"1,022.08","1,002.46","1,029.98",994.56,"1,024.41","1,012.27»ó½Â3.86","1,009.20",0.9400
2018.03.16,"1,018.19",998.63,"1,026.05",990.77,"1,020.51","1,008.41»ó½Â4.45","1,002.59",0.9400
2018.03.15,"1,013.69",994.23,"1,021.52",986.40,"1,016.00","1,003.96»ó½Â6.21","1,002.78",0.9400
2018.03.14,"1,007.42",988.08,"1,015.21",980.29,"1,009.72",997.75»ó½Â0.83,"1,000.99",0.9300
2018.03.13,"1,006.59",987.25,"1,014.36",979.48,"1,008.88",996.92ÇÏ¶ô-3.64,"1,000.52",0.9300
2018.03.12,"1,010.26",990.86,"1,018.06",983.06,"1,012.56","1,000.56ÇÏ¶ô-2.92","1,000.05",0.9300
2018.03.09,"1,013.21",993.75,"1,021.04",985.92,"1,015.52","1,003.48ÇÏ¶ô-7.08","1,005.03",0.9300
2018.03.08,"1,020.36","1,000.76","1,028.24",992.88,"1,022.68","1,010.56ÇÏ¶ô-0.61","1,007.30",0.9400
2018.03.07,"1,020.97","1,001.37","1,028.86",993.48,"1,023.30","1,011.17ÇÏ¶ô-5.14","1,018.61",0.9400
2018.03.06,"1,026.16","1,006.46","1,034.09",998.53,"1,028.50","1,016.31ÇÏ¶ô-8.51","1,017.52",0.9400
2018.03.05,"1,034.76","1,014.88","1,042.75","1,006.89","1,037.11","1,024.82»ó½Â4.11","1,023.28",0.9400
2018.03.02,"1,030.61","1,010.81","1,038.57","1,002.85","1,032.95","1,020.71»ó½Â11.48","1,019.27",0.9400
2018.02.28,"1,019.01",999.45,"1,026.89",991.57,"1,021.34","1,009.23»ó½Â7.45",997.25,0.9300
2018.02.27,"1,011.49",992.07,"1,019.31",984.25,"1,013.80","1,001.78ÇÏ¶ô-4.69","1,003.22",0.9300
2018.02.26,"1,016.23",996.71,"1,024.08",988.86,"1,018.54","1,006.47ÇÏ¶ô-3.17","1,008.42",0.9300
2018.02.23,"1,019.43",999.85,"1,027.30",991.98,"1,021.75","1,009.64ÇÏ¶ô-1.64","1,015.04",0.9300
2018.02.22,"1,021.08","1,001.48","1,028.97",993.59,"1,023.41","1,011.28»ó½Â11.00",998.00,0.9300
2018.02.21,"1,009.98",990.58,"1,017.78",982.78,"1,012.28","1,000.28ÇÏ¶ô-2.52",997.39,0.9300
2018.02.20,"1,012.52",993.08,"1,020.34",985.26,"1,014.83","1,002.80»ó½Â0.08","1,001.74",0.9300
2018.02.19,"1,012.44",993.00,"1,020.26",985.18,"1,014.75","1,002.72ÇÏ¶ô-2.59","1,016.62",0.9300
2018.02.14,"1,015.06",995.56,"1,022.90",987.72,"1,017.37","1,005.31ÇÏ¶ô-3.71","1,004.13",0.9300
2018.02.13,"1,018.80",999.24,"1,026.67",991.37,"1,021.12","1,009.02»ó½Â10.77",996.64,0.9200
2018.02.12,"1,007.93",988.57,"1,015.71",980.79,"1,010.22",998.25»ó½Â1.55,"1,004.37",0.9200
2018.02.09,"1,006.36",987.04,"1,014.14",979.26,"1,008.66",996.70»ó½Â1.62,"1,000.78",0.9100
2018.02.08,"1,004.73",985.43,"1,012.49",977.67,"1,007.02",995.08»ó½Â0.22,990.45,0.9100
2018.02.07,"1,004.51",985.21,"1,012.27",977.45,"1,006.79",994.86ÇÏ¶ô-0.65,997.58,0.9100
2018.02.06,"1,005.16",985.86,"1,012.93",978.09,"1,007.45",995.51»ó½Â3.89,998.31,0.9100
2018.02.05,"1,001.23",982.01,"1,008.97",974.27,"1,003.51",991.62»ó½Â3.18,977.26,0.9100
2018.02.02,998.02,978.86,"1,005.73",971.15,"1,000.30",988.44»ó½Â10.35,978.62,0.9100
2018.02.01,987.57,968.61,995.20,960.98,989.82,978.09ÇÏ¶ô-2.88,980.68,0.9100
2018.01.31,990.48,971.46,998.13,963.81,992.74,980.97ÇÏ¶ô-5.23,985.02,0.9100
2018.01.30,995.76,976.64,"1,003.45",968.95,998.03,986.20»ó½Â4.11,977.46,0.9200
2018.01.29,991.61,972.57,999.27,964.91,993.87,982.09»ó½Â4.39,979.85,0.9100
2018.01.26,987.18,968.22,994.80,960.60,989.43,977.70»ó½Â4.17,968.48,0.9100
2018.01.25,982.97,964.09,990.56,956.50,985.21,973.53»ó½Â0.14,980.49,0.9100
2018.01.24,982.83,963.95,990.42,956.36,985.07,973.39»ó½Â2.84,970.12,0.9100
2018.01.23,979.96,961.14,987.53,953.57,982.19,970.55»ó½Â3.16,963.49,0.9000
2018.01.22,976.77,958.01,984.31,950.47,978.99,967.39»ó½Â2.40,964.62,0.9000
2018.01.19,974.35,955.63,981.87,948.11,976.56,964.99»ó½Â2.47,963.38,0.9000
2018.01.18,971.85,953.19,979.36,945.68,974.07,962.52ÇÏ¶ô-3.18,957.76,0.8900
2018.01.17,975.06,956.34,982.59,948.81,977.28,965.70»ó½Â3.86,963.90,0.9000
2018.01.16,971.16,952.52,978.67,945.01,973.38,961.84»ó½Â0.68,960.02,0.9000
2018.01.15,970.48,951.84,977.98,944.34,972.69,961.16»ó½Â3.77,958.07,0.9000
2018.01.12,966.67,948.11,974.14,940.64,968.87,957.39ÇÏ¶ô-1.62,962.66,0.8900
2018.01.11,968.31,949.71,975.79,942.23,970.51,959.01»ó½Â2.55,961.17,0.8900
2018.01.10,965.73,947.19,973.19,939.73,967.93,956.46»ó½Â8.72,947.31,0.8900
2018.01.09,956.93,938.55,964.32,931.16,959.11,947.74»ó½Â4.67,941.28,0.8800
2018.01.08,952.21,933.93,959.57,926.57,954.38,943.07»ó½Â3.42,938.62,0.8800
2018.01.05,948.76,930.54,956.09,923.21,950.92,939.65ÇÏ¶ô-5.14,944.72,0.8800
2018.01.04,953.95,935.63,961.32,928.26,956.12,944.79ÇÏ¶ô-3.42,946.64,0.8800
2018.01.03,957.40,939.02,964.80,931.62,959.58,948.21»ó½Â3.62,948.11,0.8800
2018.01.02,953.75,935.43,961.12,928.06,955.92,944.59ÇÏ¶ô-3.13,951.05,0.8800
2017.12.29,956.91,938.53,964.30,931.14,959.09,947.72ÇÏ¶ô-1.62,949.11,0.8800
2017.12.28,958.54,940.14,965.95,932.73,960.73,949.34ÇÏ¶ô-0.31,949.45,0.8800
2017.12.27,958.86,940.44,966.26,933.04,961.04,949.65ÇÏ¶ô-0.13,951.38,0.8800
2017.12.26,958.99,940.57,966.40,933.16,961.17,949.78ÇÏ¶ô-2.93,952.39,0.8800
2017.12.22,961.95,943.47,969.38,936.04,964.14,952.71ÇÏ¶ô-1.20,953.20,0.8800
2017.12.21,963.16,944.66,970.60,937.22,965.35,953.91ÇÏ¶ô-3.90,955.40,0.8800
2017.12.20,967.10,948.52,974.57,941.05,969.30,957.81ÇÏ¶ô-5.09,962.79,0.8800
2017.12.19,972.24,953.56,979.75,946.05,974.45,962.90ÇÏ¶ô-2.65,967.57,0.8800
2017.12.18,974.91,956.19,982.44,948.66,977.13,965.55ÇÏ¶ô-6.80,966.76,0.8800
2017.12.15,981.78,962.92,989.36,955.34,984.01,972.35»ó½Â5.88,967.50,0.8900
2017.12.14,975.84,957.10,983.38,949.56,978.06,966.47»ó½Â2.47,968.90,0.8800
2017.12.13,973.35,954.65,980.87,947.13,975.56,964.00»ó½Â1.30,959.85,0.8800
2017.12.12,972.03,953.37,979.54,945.86,974.25,962.70ÇÏ¶ô-0.18,962.09,0.8800
2017.12.11,972.21,953.55,979.73,946.03,974.43,962.88ÇÏ¶ô-0.66,962.37,0.8800
2017.12.08,972.88,954.20,980.40,946.68,975.10,963.54ÇÏ¶ô-8.04,966.09,0.8800
2017.12.07,981.00,962.16,988.58,954.58,983.23,971.58ÇÏ¶ô-4.26,972.74,0.8800
2017.12.06,985.30,966.38,992.91,958.77,987.55,975.84»ó½Â8.90,962.92,0.8900
2017.12.05,976.31,957.57,983.86,950.02,978.54,966.94»ó½Â2.98,967.64,0.8800
2017.12.04,973.31,954.61,980.82,947.10,975.52,963.96ÇÏ¶ô-0.48,963.53,0.8800
2017.12.01,973.79,955.09,981.31,947.57,976.01,964.44ÇÏ¶ô-4.25,963.16,0.8800
2017.11.30,978.08,959.30,985.64,951.74,980.31,968.69»ó½Â2.61,966.51,0.8800
2017.11.29,975.45,956.71,982.98,949.18,977.67,966.08ÇÏ¶ô-6.33,976.01,0.8900
2017.11.28,981.84,962.98,989.42,955.40,984.07,972.41ÇÏ¶ô-6.02,979.33,0.8900
2017.11.27,987.92,968.94,995.55,961.31,990.17,978.43»ó½Â2.31,971.66,0.8900
2017.11.24,985.58,966.66,993.20,959.04,987.83,976.12ÇÏ¶ô-0.60,978.29,0.8900
2017.11.23,986.19,967.25,993.81,959.63,988.44,976.72»ó½Â3.95,981.08,0.8900
2017.11.22,982.20,963.34,989.79,955.75,984.44,972.77»ó½Â1.13,975.77,0.8900
2017.11.21,981.06,962.22,988.64,954.64,983.29,971.64ÇÏ¶ô-8.39,976.19,0.8800
2017.11.20,989.53,970.53,997.18,962.88,991.79,980.03»ó½Â3.38,977.83,0.8900
2017.11.17,986.12,967.18,993.74,959.56,988.36,976.65»ó½Â4.94,976.17,0.8800
2017.11.16,981.13,962.29,988.71,954.71,983.37,971.71ÇÏ¶ô-13.41,987.42,0.8800
2017.11.15,994.67,975.57,"1,002.35",967.89,996.94,985.12»ó½Â3.04,985.98,0.8800
2017.11.14,991.60,972.56,999.26,964.90,993.86,982.08ÇÏ¶ô-6.12,986.49,0.8700
2017.11.13,997.78,978.62,"1,005.49",970.91,"1,000.05",988.20»ó½Â2.56,983.10,0.8800
2017.11.10,995.20,976.08,"1,002.88",968.40,997.46,985.64»ó½Â1.76,982.45,0.8800
2017.11.09,993.42,974.34,"1,001.09",966.67,995.68,983.88»ó½Â3.57,978.53,0.8800
2017.11.08,989.81,970.81,997.46,963.16,992.07,980.31»ó½Â5.86,976.59,0.8700
2017.11.07,983.90,965.00,991.50,957.40,986.14,974.45ÇÏ¶ô-1.38,981.24,0.8700
2017.11.06,985.29,966.37,992.90,958.76,987.53,975.83ÇÏ¶ô-2.07,974.47,0.8700
2017.11.03,987.38,968.42,995.01,960.79,989.63,977.90»ó½Â1.55,976.11,0.8700
2017.11.02,985.82,966.88,993.43,959.27,988.06,976.35ÇÏ¶ô-2.40,978.58,0.8700
2017.11.01,988.24,969.26,995.87,961.63,990.49,978.75ÇÏ¶ô-10.56,986.49,0.8700
2017.10.31,998.90,979.72,"1,006.62",972.00,"1,001.18",989.31ÇÏ¶ô-0.75,994.17,0.8800
2017.10.30,999.66,980.46,"1,007.38",972.74,"1,001.94",990.06ÇÏ¶ô-1.69,993.58,0.8800
2017.10.27,"1,001.36",982.14,"1,009.10",974.40,"1,003.65",991.75»ó½Â0.64,985.58,0.8700
2017.10.26,"1,000.72",981.50,"1,008.45",973.77,"1,003.00",991.11»ó½Â0.15,992.92,0.8700
2017.10.25,"1,000.57",981.35,"1,008.30",973.62,"1,002.85",990.96ÇÏ¶ô-2.44,990.26,0.8700
2017.10.24,"1,003.03",983.77,"1,010.78",976.02,"1,005.32",993.40»ó½Â0.16,998.24,0.8700
2017.10.23,"1,002.87",983.61,"1,010.62",975.86,"1,005.15",993.24ÇÏ¶ô-6.14,994.33,0.8700
2017.10.20,"1,009.07",989.69,"1,016.86",981.90,"1,011.37",999.38ÇÏ¶ô-5.77,"1,005.73",0.8800
2017.10.19,"1,014.89",995.41,"1,022.74",987.56,"1,017.21","1,005.15»ó½Â0.18","1,000.00",0.8800
2017.10.18,"1,014.71",995.23,"1,022.55",987.39,"1,017.02","1,004.97ÇÏ¶ô-4.39","1,008.69",0.8800
2017.10.17,"1,019.15",999.57,"1,027.02",991.70,"1,021.47","1,009.36»ó½Â0.50","1,004.50",0.8900
2017.10.16,"1,018.64",999.08,"1,026.51",991.21,"1,020.96","1,008.86»ó½Â1.36","1,010.41",0.8900
2017.10.13,"1,017.27",997.73,"1,025.13",989.87,"1,019.59","1,007.50ÇÏ¶ô-2.39","1,009.75",0.8900
2017.10.12,"1,019.68","1,000.10","1,027.56",992.22,"1,022.00","1,009.89ÇÏ¶ô-1.60","1,009.11",0.8900
2017.10.11,"1,021.30","1,001.68","1,029.19",993.79,"1,023.62","1,011.49»ó½Â0.81","1,012.99",0.8900
2017.10.10,"1,020.48","1,000.88","1,028.36",993.00,"1,022.80","1,010.68ÇÏ¶ô-8.43","1,016.86",0.8800
2017.09.29,"1,028.99","1,009.23","1,036.94","1,001.28","1,031.33","1,019.11»ó½Â1.11","1,020.42",0.8800
2017.09.28,"1,027.87","1,008.13","1,035.81","1,000.19","1,030.21","1,018.00»ó½Â4.70","1,009.70",0.8800
2017.09.27,"1,023.12","1,003.48","1,031.03",995.57,"1,025.45","1,013.30ÇÏ¶ô-5.24","1,012.07",0.8800
2017.09.26,"1,028.41","1,008.67","1,036.36","1,000.72","1,030.76","1,018.54»ó½Â9.00","1,011.86",0.8900
2017.09.25,"1,019.33",999.75,"1,027.20",991.88,"1,021.65","1,009.54ÇÏ¶ô-4.03","1,011.75",0.8900
2017.09.22,"1,023.40","1,003.74","1,031.30",995.84,"1,025.73","1,013.57»ó½Â3.59","1,007.25",0.8900
2017.09.21,"1,019.77","1,000.19","1,027.65",992.31,"1,022.09","1,009.98ÇÏ¶ô-2.95","1,004.58",0.8900
2017.09.20,"1,022.75","1,003.11","1,030.65",995.21,"1,025.08","1,012.93»ó½Â0.13","1,013.23",0.8900
2017.09.19,"1,022.62","1,002.98","1,030.52",995.08,"1,024.95","1,012.80ÇÏ¶ô-0.22","1,011.98",0.8900
2017.09.18,"1,022.84","1,003.20","1,030.74",995.30,"1,025.17","1,013.02ÇÏ¶ô-8.57","1,020.53",0.8900
2017.09.15,"1,031.49","1,011.69","1,039.46","1,003.72","1,033.84","1,021.59ÇÏ¶ô-4.21","1,028.94",0.9000
2017.09.14,"1,035.75","1,015.85","1,043.75","1,007.85","1,038.10","1,025.80ÇÏ¶ô-0.10","1,020.64",0.9000
2017.09.13,"1,035.85","1,015.95","1,043.85","1,007.95","1,038.21","1,025.90ÇÏ¶ô-3.46","1,025.09",0.9000
2017.09.12,"1,039.34","1,019.38","1,047.37","1,011.35","1,041.71","1,029.36ÇÏ¶ô-14.25","1,033.54",0.9100
2017.09.11,"1,053.73","1,033.49","1,061.87","1,025.35","1,056.13","1,043.61ÇÏ¶ô-5.41","1,040.59",0.9200
2017.09.08,"1,059.19","1,038.85","1,067.37","1,030.67","1,061.60","1,049.02»ó½Â12.13","1,042.64",0.9200
2017.09.07,"1,046.94","1,026.84","1,055.03","1,018.75","1,049.33","1,036.89ÇÏ¶ô-7.08","1,038.33",0.9100
2017.09.06,"1,054.09","1,033.85","1,062.23","1,025.71","1,056.49","1,043.97»ó½Â10.90","1,041.76",0.9100
2017.09.05,"1,043.09","1,023.05","1,051.14","1,015.00","1,045.46","1,033.07ÇÏ¶ô-0.17","1,031.50",0.9100
2017.09.04,"1,043.26","1,023.22","1,051.32","1,015.16","1,045.63","1,033.24»ó½Â13.80","1,022.45",0.9100
2017.09.01,"1,029.32","1,009.56","1,037.28","1,001.60","1,031.67","1,019.44ÇÏ¶ô-0.56","1,022.94",0.9000
2017.08.31,"1,029.89","1,010.11","1,037.85","1,002.15","1,032.24","1,020.00ÇÏ¶ô-1.65","1,017.44",0.9000
2017.08.30,"1,031.56","1,011.74","1,039.52","1,003.78","1,033.90","1,021.65ÇÏ¶ô-16.23","1,027.23",0.9000
2017.08.29,"1,047.94","1,027.82","1,056.04","1,019.72","1,050.33","1,037.88»ó½Â10.17","1,031.15",0.9200
2017.08.28,"1,037.67","1,017.75","1,045.69","1,009.73","1,040.04","1,027.71ÇÏ¶ô-0.11","1,033.26",0.9100
2017.08.25,"1,037.78","1,017.86","1,045.80","1,009.84","1,040.15","1,027.82ÇÏ¶ô-4.00","1,028.98",0.9100
2017.08.24,"1,041.82","1,021.82","1,049.87","1,013.77","1,044.20","1,031.82ÇÏ¶ô-2.53","1,038.57",0.9100
2017.08.23,"1,044.38","1,024.32","1,052.45","1,016.25","1,046.76","1,034.35ÇÏ¶ô-3.50","1,035.14",0.9100
2017.08.22,"1,047.91","1,027.79","1,056.01","1,019.69","1,050.30","1,037.85ÇÏ¶ô-7.85","1,044.12",0.9100
2017.08.21,"1,055.84","1,035.56","1,063.99","1,027.41","1,058.24","1,045.70ÇÏ¶ô-1.19","1,043.92",0.9100
2017.08.18,"1,057.04","1,036.74","1,065.21","1,028.57","1,059.45","1,046.89»ó½Â12.44","1,037.21",0.9100
2017.08.17,"1,044.48","1,024.42","1,052.55","1,016.35","1,046.86","1,034.45»ó½Â4.88","1,035.20",0.9000
2017.08.16,"1,039.55","1,019.59","1,047.58","1,011.56","1,041.92","1,029.57ÇÏ¶ô-10.07","1,029.16",0.9000
2017.08.14,"1,049.72","1,029.56","1,057.83","1,021.45","1,052.11","1,039.64ÇÏ¶ô-10.00","1,049.92",0.9100
2017.08.11,"1,059.82","1,039.46","1,068.00","1,031.28","1,062.23","1,049.64»ó½Â10.98","1,045.20",0.9100
2017.08.10,"1,048.73","1,028.59","1,056.83","1,020.49","1,051.12","1,038.66»ó½Â1.02","1,031.78",0.9000
2017.08.09,"1,047.70","1,027.58","1,055.79","1,019.49","1,050.09","1,037.64»ó½Â18.84","1,021.79",0.9100
2017.08.08,"1,028.68","1,008.92","1,036.62","1,000.98","1,031.02","1,018.80»ó½Â1.03","1,017.88",0.9000
2017.08.07,"1,027.64","1,007.90","1,035.58",999.96,"1,029.98","1,017.77ÇÏ¶ô-4.39","1,015.93",0.9000
2017.08.04,"1,032.07","1,012.25","1,040.04","1,004.28","1,034.42","1,022.16»ó½Â3.27","1,025.65",0.9000
2017.08.03,"1,028.77","1,009.01","1,036.72","1,001.06","1,031.11","1,018.89»ó½Â4.17","1,013.95",0.9000
2017.08.02,"1,024.56","1,004.88","1,032.47",996.97,"1,026.89","1,014.72ÇÏ¶ô-3.15","1,013.19",0.9000
2017.08.01,"1,027.74","1,008.00","1,035.68","1,000.06","1,030.08","1,017.87»ó½Â5.76","1,016.81",0.9000
2017.07.31,"1,021.92","1,002.30","1,029.82",994.40,"1,024.25","1,012.11»ó½Â3.57","1,012.26",0.9000
2017.07.28,"1,018.32",998.76,"1,026.18",990.90,"1,020.64","1,008.54»ó½Â6.38","1,000.54",0.8900
2017.07.27,"1,011.88",992.44,"1,019.69",984.63,"1,014.18","1,002.16»ó½Â0.64","1,007.83",0.8900
2017.07.26,"1,011.23",991.81,"1,019.04",984.00,"1,013.53","1,001.52ÇÏ¶ô-1.81",997.54,0.8900
2017.07.25,"1,013.06",993.60,"1,020.88",985.78,"1,015.36","1,003.33ÇÏ¶ô-2.45","1,004.00",0.8900
2017.07.24,"1,015.53",996.03,"1,023.38",988.18,"1,017.84","1,005.78»ó½Â4.88","1,008.95",0.9000
2017.07.21,"1,010.60",991.20,"1,018.41",983.39,"1,012.91","1,000.90ÇÏ¶ô-1.50","1,005.32",0.8900
2017.07.20,"1,012.12",992.68,"1,019.94",984.86,"1,014.42","1,002.40»ó½Â0.25","1,003.04",0.8800
2017.07.19,"1,011.87",992.43,"1,019.68",984.62,"1,014.17","1,002.15»ó½Â2.14","1,005.09",0.8900
2017.07.18,"1,009.71",990.31,"1,017.51",982.51,"1,012.01","1,000.01ÇÏ¶ô-2.21","1,001.64",0.8900
2017.07.17,"1,011.94",992.50,"1,019.75",984.69,"1,014.24","1,002.22ÇÏ¶ô-0.07","1,009.91",0.8800
2017.07.14,"1,012.01",992.57,"1,019.83",984.75,"1,014.31","1,002.29ÇÏ¶ô-3.91","1,003.22",0.8800
2017.07.13,"1,015.96",996.44,"1,023.80",988.60,"1,018.27","1,006.20ÇÏ¶ô-4.02","1,011.17",0.8800
2017.07.12,"1,020.01","1,000.43","1,027.89",992.55,"1,022.34","1,010.22»ó½Â2.78","1,010.14",0.8800
2017.07.11,"1,017.21",997.67,"1,025.07",989.81,"1,019.52","1,007.44ÇÏ¶ô-1.32","1,008.15",0.8700
2017.07.10,"1,018.54",998.98,"1,026.41",991.11,"1,020.86","1,008.76ÇÏ¶ô-5.21","1,013.99",0.8700
2017.07.07,"1,023.80","1,004.14","1,031.71",996.23,"1,026.13","1,013.97ÇÏ¶ô-8.65","1,019.26",0.8700
2017.07.06,"1,032.53","1,012.71","1,040.51","1,004.73","1,034.89","1,022.62»ó½Â6.77","1,015.60",0.8800
2017.07.05,"1,025.70","1,006.00","1,033.62",998.08,"1,028.04","1,015.85»ó½Â1.37","1,016.23",0.8800
2017.07.04,"1,024.32","1,004.64","1,032.23",996.73,"1,026.65","1,014.48ÇÏ¶ô-3.50","1,010.06",0.8800
2017.07.03,"1,027.85","1,008.11","1,035.79","1,000.17","1,030.19","1,017.98ÇÏ¶ô-3.82","1,018.25",0.8800
2017.06.30,"1,031.71","1,011.89","1,039.68","1,003.92","1,034.06","1,021.80»ó½Â9.09","1,017.55",0.8900
2017.06.29,"1,022.53","1,002.89","1,030.43",994.99,"1,024.86","1,012.71","1,016.34",0.8800
